"event_definition","Coding_system","Codes"
"ADHD","ICD10","F90, F90.0, F90.1, F90.8, F90.9"
"ADHD","ICD10CM","F90, F90.0, F90.1, F90.2, F90.8, F90.9, F90.9"
"ADHD","ICD9CM","314, 314.0, 314.00, 314.01, 314.1, 314.2, 314.8, 314.9"
"ADHD","MTHICD9","314.0, 314.0, 314.00, 314.01, 314.1, 314.2, 314.8, 314.9"
"ADHD","ICD9","314, 314.0, 314.1, 314.2, 314.8, 314.9"
"ADHD","RCD2","1P00., E2E.., E2E0., E2E00, E2E01, E2E0z, E2E1., E2E2., E2Ey., E2Ez., Eu900, Eu902, Eu90y, Eu90z"
"ADHD","SNOMEDCT_US","154940006, 154951006, 154952004, 192126003, 192127007, 192129005, 192130000, 192131001, 192132008, 192133003, 192134009, 192592000, 192593005, 192594004, 192595003, 192596002, 229715008, 229717000, 280996003, 31177006, 35253001, 389990003, 392751009, 393706000, 406506008, 42584006, 444613000, 44548000, 7461003"
"Autism","ICD10","F84.0"
"Autism","ICD10CM","F84.0"
"Autism","ICD9CM","299.0, 299.00, 299.01"
"Autism","MTHICD9","299.0, 299.00, 299.01"
"Autism","RCD2","E140., E1400, E1401, E140z"
"Autism","SNOMEDCT_US","154878007, 191688000, 191689008, 191690004, 191691000, 192581001, 271450003, 34883005, 38763009, 408856003, 408857007, 43614003"
"Breast cancer","ICD10","C50, C50.0, C50.1, C50.2, C50.3, C50.4, C50.5, C50.6, C50.7, C50.8, C50.9, C50.9, D05, D05.1, D05.9, Z90.1"
"Breast cancer","ICD10CM","C50, C50, C50, C50.11, C50.31, C50.41, C50.51, C50.61, C79.81, D05, D05.0, D05.1, D05.9, Z90.10, Z90.11, Z90.12, Z90.13"
"Breast cancer","ICD9CM","174, 174.0, 174.1, 174.2, 174.3, 174.4, 174.5, 174.6, 174.8, 174.9, 198.81, 233.0, 40.22, 85.2, 85.20, 85.22, 85.23, 85.25, 85.33, 85.34, 85.35, 85.36, 85.41, 85.42, 85.43, 85.44, 85.45, 85.46, 85.47, 85.48"
"Breast cancer","ICD9","174, 174.0, 174.1, 174.2, 174.3, 174.4, 174.5, 174.6, 174.8, 174.9, 233.0, 238.3, 239.3"
"Breast cancer","ICPC","X76"
"Breast cancer","RCD2","7130., 71300, 71302, 71304, 71305, 71306, 71308, 71309, 7130z, 71310, 71311, 71312, 71361, B34.., B340., B340z, B341., B342., B343., B344., B345., B346., B34z., B58y0, B830., B8300, B8301, BB90., BB9G., BB9J., Byu6., ZV6G1"
"Breast cancer","SNOMEDCT_US","109888004, 109889007, 116221009, 150298000, 150299008, 150300000, 150301001, 150302008, 150303003, 150304009, 150306006, 150323002, 154521006, 154636004, 17056008, 172039007, 172043006, 172045004, 172047007, 172049005, 188146000, 188147009, 188150007, 188151006, 188152004, 188153009, 188154003, 188155002, 188156001, 188161004, 189336000, 189337009, 189338004, 189705006, 190121004, 22418005, 22964006, 237370008, 24268003, 24268003, 254837009, 269595005, 278053004, 27865001, 287654001, 2985005, 316517001, 317230007, 359728003, 359738008, 359740003, 367502008, 372064008, 373176000, 384723003, 392021009, 392022002, 395701007, 406505007, 408643008, 456903003, 52314009, 5835009, 58477004, 60633004, 64368001, 64837009, 66398006, 70183006, 71222002, 72258006, 72258006, 72258006, 72577009, 73359007, 76468001, 76468001, 8115005, 86616005, 88764002, 93685009, 93745008, 93776002, 93796005, 94297009"
"Depression","ICD10","F30.0, F30.1, F30.2, F30.3, F30.4, F30.5, F30.6, F30.7, F30.8, F30.9, F31.0, F31.1, F31.2, F31.3, F31.4, F31.5, F31.6, F31.7, F31.8, F31.9, F32, F32.0, F32.0, F32.1, F32.1, F32.2, F32.2, F32.3, F32.3, F32.4, F32.5, F32.6, F32.7, F32.8, F32.8, F32.9, F32.9, F33, F33.0, F33.1, F33.1, F33.2, F33.2, F33.3, F33.3, F33.4, F33.4, F33.5, F33.6, F33.7, F33.8, F33.9, F33.9, F34, F34.0, F34.1, F34.1, F34.2, F34.3, F34.4, F34.5, F34.6, F34.7, F34.8, F34.9, F34.9, F35.0, F35.1, F35.2, F35.3, F35.4, F35.5, F35.6, F35.7, F35.8, F35.9, F36.0, F36.1, F36.2, F36.3, F36.4, F36.5, F36.6, F36.7, F36.8, F36.9, F37.0, F37.1, F37.2, F37.3, F37.4, F37.5, F37.6, F37.7, F37.8, F37.9, F38.0, F38.1, F38.2, F38.3, F38.4, F38.5, F38.6, F38.7, F38.8, F38.9, F39, F39.0, F39.1, F39.2, F39.3, F39.4, F39.5, F39.6, F39.7, F39.8, F39.9, F41.2, F92.0"
"Depression","ICD10CM","F30, F31, F32, F32, F32, F32.0, F32.1, F32.2, F32.3, F32.8, F32.8, F32.9, F32.9, F32.9, F33, F33, F33.1, F33.2, F33.3, F33.41, F33.9, F33.9, F34, F34, F34.1, F34.1, F34.1, F34.1, F34.1, F34.9, F35, F36, F37, F38, F39, F39, F41.8, F53"
"Depression","ICD9CM","296, 296.2, 296.20, 296.21, 296.22, 296.23, 296.24, 296.3, 296.30, 296.31, 296.32, 296.33, 296.34, 296.35, 296.82, 296.90, 300.4, 301.12, 311"
"Depression","ICD9","300.4, 296.1, 296.3, 296.4, 296.5, 296.6, 296.8, 296.9, 298.0, 311"
"Depression","ICPC","P76"
"Depression","MTHICD9","292.84, 296.20, 296.21, 296.22, 296.23, 296.24, 296.30, 296.31, 296.32, 296.33, 296.34, 296.35, 296.90, 298.0, 300.4, 300.4, 300.4, 301.12, 311, 311"
"Depression","RCD2","62T1., E02y3, E11.., E112., E112., E1120, E1121, E1122, E112z, E113., E1130, E1131, E1135, E113z, E118., E11y2, E11z2, E130., E135., E2003, E204., E2112, E2B.., Eu3.., Eu32., Eu32., Eu32., Eu320, Eu321, Eu322, Eu322, Eu323, Eu326, Eu32y, Eu32z, Eu32z, Eu33., Eu331, Eu332, Eu333, Eu334, Eu33z, Eu34., Eu341, Eu34z, Eu3z."
"Depression","SNOMEDCT_US","147016002, 154872008, 154873003, 154876006, 154889000, 154889000, 154963001, 154964007, 154967000, 154969002, 15639000, 18818009, 191495003, 191580002, 191599006, 191599006, 191599006, 191600009, 191601008, 191602001, 191607007, 191608002, 191609005, 191610000, 191614009, 191617002, 191655007, 191659001, 191665001, 191676002, 191681006, 191707004, 191740008, 191740008, 192078003, 192348001, 192366006, 192367002, 192368007, 192369004, 192369004, 192370003, 192371004, 192371004, 192372006, 192372006, 192372006, 192372006, 192374007, 192374007, 192376009, 192377000, 192378005, 192378005, 192379002, 192381000, 192382007, 192384008, 192386005, 192391006, 192402009, 192475007, 192605002, 2,1061E+13, 231498003, 231500002, 231504006, 231542000, 247803002, 268620009, 268621008, 268702009, 268704005, 268705006, 268706007, 268707003, 268708008, 268709000, 268710005, 268713007, 268750008, 268753005, 268753005, 268756002, 277538003, 28475009, 300706003, 307537002, 310465006, 310497006, 33135002, 35489007, 35489007, 36474008, 36923009, 41006004, 430852001, 442057004, 46206005, 58703003, 66344007, 68019004, 74421008, 76441001, 78667006, 78667006, 78667006, 79298009, 83458005, 871840004, 87414006, 9,4921E+13"
"Elective abortion","ICD10","O00.0, O00.1, O00.2, O00.3, O00.4, O00.5, O00.6, O00.7, O00.8, O00.9, O01.0, O01.1, O01.2, O01.3, O01.4, O01.5, O01.6, O01.7, O01.8, O01.9, O02.0, O02.1, O02.2, O02.3, O02.4, O02.5, O02.6, O02.7, O02.8, O02.9, O03.0, O03.1, O03.2, O03.3, O03.4, O03.5, O03.6, O03.7, O03.8, O03.9, O04.0, O04.1, O04.2, O04.3, O04.4, O04.5, O04.6, O04.7, O04.8, O04.9, O05.0, O05.1, O05.2, O05.3, O05.4, O05.5, O05.6, O05.7, O05.8, O05.9, O06, O06.0, O06.1, O06.2, O06.3, O06.4, O06.5, O06.6, O06.7, O06.8, O06.9, O07.0, O07.1, O07.2, O07.3, O07.3, O07.4, O07.5, O07.6, O07.7, O07.8, O07.9, O08.0, O08.1, O08.2, O08.3, O08.4, O08.5, O08.6, O08.7, O08.8, O08.9, P96.4"
"Elective abortion","ICD10CM","O00, O01, O02, O03, O04, O05, O06, O07, O08"
"Elective abortion","ICD9CM","635, 635.2, 635.20, 635.4, 635.40, 635.5, 635.50, 635.6, 635.60, 635.9, 635.90, 636, 636.9, 636.90, 637, 74.91, 75.0, 779.6"
"Elective abortion","ICD9","635, 635.0, 635.1, 635.2, 635.3, 635.4, 635.5, 635.6, 635.7, 635.8, 635.9, 636, 636.0, 636.1, 636.2, 636.3, 636.4, 636.5, 636.6, 636.7, 636.8, 636.9, 637, 637.0, 637.1, 637.2, 637.3, 637.4, 637.5, 637.6, 637.7, 637.8, 637.9, 779.6"
"Elective abortion","ICPC","W83"
"Elective abortion","MTHICD9","74.91, 75.0, 779.6"
"Elective abortion","RCD2","7,00E+66, L0..., L05.., L05.., L050., L0500, L0502, L0504, L0505, L0506, L050y, L050z, L05z., L06.., L060., L060y, L060z, L06z., L07.., L070z, L097., L0z.., Lyu03"
"Elective abortion","SNOMEDCT_US","111431001, 1321008, 149996005, 156070002, 156075007, 156076008, 156076008, 156077004, 156079001, 156096000, 18302006, 18391007, 198690009, 198690009, 198690009, 198691008, 198692001, 198694000, 198696003, 198697007, 198698002, 198702003, 198703008, 198729008, 198730003, 198731004, 198741001, 198742008, 198767006, 198768001, 198769009, 198780009, 198805006, 198860004, 198880003, 200480007, 200485002, 267192009, 267195006, 267295002, 267296001, 267296001, 267297005, 27169005, 288045002, 3634007, 363681007, 386639001, 386639001, 39406005, 49632008, 57734001, 57797005, 70317007, 7802000"
"Epilepsy","ICD10","G40, G40.0, G40.2, G40.3, G40.4, G40.5, G40.6, G40.7, G40.8, G40.9, G41, G41.0, G41.1, G41.2, G41.8, G41.9"
"Epilepsy","ICD10CM","G40.0, G40.0, G40.009, G40.2, G40.209, G40.3, G40.309, G40.4, G40.4, G40.4, G40.4, G40.4, G40.40, G40.80, G40.802, G40.9, G40.90, G40.909, G40.91, G40.A, R56.9"
"Epilepsy","ICD9CM","345.0, 345.1, 345.2, 345.3, 345.9, 345.90, 345.91, 780.3"
"Epilepsy","ICD9","345, 345.0, 345.1, 345.2, 345.3, 345.4, 345.5, 345.6, 345.7, 345.8, 345.9, 780.3"
"Epilepsy","ICPC","N88"
"Epilepsy","MTHICD9","293.0, 345.0, 345.0, 345.0, 345.1, 345.1, 345.1, 345.1, 345.2, 345.3, 345.3, 345.4, 345.4, 345.4, 345.4, 345.4, 345.4, 345.4, 345.4, 345.5, 345.5, 345.5, 345.5, 345.5, 345.5, 345.8, 345.9, 780.39"
"Epilepsy","RCD2","1B63., 1B64., 2828., F132z, F25.., F250., F2500, F2501, F2502, F2503, F2504, F250z, F251., F2510, F2510, F2511, F2512, F2513, F2514, F2516, F251z, F252., F253., F253., F254., F2540, F2541, F2542, F2544, F254z, F255., F2550, F2551, F2552, F2555, F255z, F25A., F25C., F25H., F25H., F25H., F25y., F25y0, F25y2, F25y3, F25yz, F25z., F25z., Fyu50, Fyu51, Fyu52, Fyu59, R003., R0032, R003z, R003z, SC200"
"Epilepsy","SNOMEDCT_US","1,17891E+14, 128612007, 128613002, 13973009, 13973009, 140805008, 155036009, 155038005, 155039002, 155040000, 155041001, 155043003, 155044009, 155045005, 157437008, 158138006, 158141002, 158142009, 163596002, 16757004, 189198006, 192979009, 192981006, 192982004, 192987005, 192988000, 192989008, 192990004, 192991000, 192993002, 192994008, 192995009, 192997001, 192998006, 192998006, 192999003, 193000002, 193001003, 193002005, 193004006, 193005007, 193006008, 193007004, 193008009, 193011005, 193013008, 193019007, 193020001, 193021002, 193022009, 193023004, 193025006, 193026007, 193026007, 194490007, 194491006, 194492004, 194499008, 19598007, 206732001, 206735004, 206738002, 2198002, 230381009, 230414008, 230421008, 230422001, 230441003, 230456007, 230460005, 246543009, 246545002, 246554004, 267593008, 267698007, 271788002, 271788002, 29753000, 307358009, 309847002, 312078006, 313290005, 32631004, 352818000, 35796005, 361123003, 365883006, 36803009, 407675009, 42365007, 4,32241E+14, 4619009, 54200006, 6204001, 65120008, 65155005, 67139004, 67139004, 7033004, 71427006, 73714002, 75023009, 79348005, 79631006, 79745005, 82401000, 8,291E+12, 84340007, 84340007, 84757009, 91175000"
"Fetal growth restriction","ICD10CM","O36.511, O36.5110, O36.5111, O36.5112, O36.5113, O36.5114, O36.5115, O36.5119, O36.512, O36.5120, O36.5121, O36.5122, O36.5123, O36.5124, O36.5125, O36.5129, O36.513, O36.5130, O36.5131, O36.5132, O36.5133, O36.5134, O36.5135, O36.5139, O36.591, O36.5910, O36.5911, O36.5912, O36.5913, O36.5914, O36.5915, O36.5919, O36.592, O36.5920, O36.5921, O36.5922, O36.5923, O36.5924, O36.5925, O36.5929, O36.593, O36.5930, O36.5931, O36.5932, O36.5933, O36.5934, O36.5935, O36.5939, O41.0, O41.00, P05.9"
"Fetal growth restriction","ICD9CM","656.50, 656.51, 656.53, 658.0, 764, 764.9, 764.90"
"Fetal growth restriction","ICD9","656.5, 764, 764.0, 764.1, 764.2, 764.9"
"Fetal growth restriction","MTHICD9","656.50, 656.51, 656.53, 764.9, 764.90"
"Fetal growth restriction","RCD2","L280., L2800, L280z, Q10z."
"Fetal growth restriction","SNOMEDCT_US","156185006, 156190009, 157051001, 18471004, 199652007, 199656005, 206162003, 206166000, 22033007, 267337006, 268814006, 268815007, 59566000"
"Gestational diabetes","ICD10","O24.4"
"Gestational diabetes","ICD10CM","O24, O24.4, O24.41, O24.410, O24.414, O24.419, O24.42, O24.420, O24.424, O24.429, O24.43, O24.430, O24.434, O24.439, O24.9"
"Gestational diabetes","ICD9CM","648.0, 648.00, 648.01, 648.02, 648.04, 648.8, 648.80, 648.81, 648.82"
"Gestational diabetes","ICD9","648.0, 648.8"
"Gestational diabetes","MTHICD9","648.00, 648.01, 648.02, 648.04, 648.8, 648.80, 648.81, 648.82"
"Gestational diabetes","RCD2","L180., L1801, L1802, L1804, L1808, L180z"
"Gestational diabetes","SNOMEDCT_US","1,07535E+16, 11687002, 156138000, 199223000, 199225007, 199226008, 199228009, 199232003, 199234002, 237629002, 359964007, 393568003, 39763004, 76751001"
"Major congenital anomalies","ICD10","Q00, Q00.0, Q00.1, Q00.2, Q00.3, Q00.4, Q00.5, Q00.6, Q00.7, Q00.8, Q00.9, Q01.0, Q01.1, Q01.2, Q01.3, Q01.4, Q01.5, Q01.6, Q01.7, Q01.8, Q01.9, Q02.0, Q02.1, Q02.2, Q02.3, Q02.4, Q02.5, Q02.6, Q02.7, Q02.8, Q02.9, Q03.0, Q03.1, Q03.2, Q03.3, Q03.4, Q03.5, Q03.6, Q03.7, Q03.8, Q03.9, Q04.0, Q04.1, Q04.2, Q04.3, Q04.4, Q04.5, Q04.6, Q04.7, Q04.8, Q04.9, Q05, Q05.0, Q05.1, Q05.2, Q05.3, Q05.4, Q05.5, Q05.6, Q05.7, Q05.8, Q05.9, Q05.9, Q06.0, Q06.1, Q06.2, Q06.3, Q06.4, Q06.5, Q06.6, Q06.7, Q06.8, Q06.9, Q07.0, Q07.1, Q07.2, Q07.3, Q07.4, Q07.5, Q07.6, Q07.7, Q07.8, Q07.9, Q07.9, Q10.0, Q10.1, Q10.2, Q10.3, Q10.4, Q10.5, Q10.6, Q10.7, Q10.8, Q10.9, Q11.0, Q11.1, Q11.2, Q11.3, Q11.4, Q11.5, Q11.6, Q11.7, Q11.8, Q11.9, Q12.0, Q12.1, Q12.2, Q12.3, Q12.4, Q12.5, Q12.6, Q12.7, Q12.8, Q12.9, Q13.0, Q13.1, Q13.2, Q13.3, Q13.4, Q13.5, Q13.6, Q13.7, Q13.8, Q13.9, Q14.0, Q14.1, Q14.2, Q14.3, Q14.4, Q14.5, Q14.6, Q14.7, Q14.8, Q14.9, Q15.0, Q15.1, Q15.2, Q15.3, Q15.4, Q15.5, Q15.6, Q15.7, Q15.8, Q15.9, Q15.9, Q16.0, Q16.1, Q16.2, Q16.3, Q16.4, Q16.5, Q16.6, Q16.7, Q16.8, Q16.9, Q17.0, Q17.1, Q17.2, Q17.3, Q17.4, Q17.5, Q17.6, Q17.7, Q17.8, Q17.9, Q17.9, Q18.0, Q18.1, Q18.2, Q18.3, Q18.4, Q18.5, Q18.6, Q18.7, Q18.8, Q18.9, Q20.0, Q20.1, Q20.2, Q20.3, Q20.4, Q20.5, Q20.6, Q20.7, Q20.8, Q20.9, Q21.0, Q21.1, Q21.2, Q21.3, Q21.4, Q21.5, Q21.6, Q21.7, Q21.8, Q21.9, Q22.0, Q22.1, Q22.2, Q22.3, Q22.4, Q22.5, Q22.6, Q22.7, Q22.8, Q22.9, Q23.0, Q23.1, Q23.2, Q23.3, Q23.4, Q23.5, Q23.6, Q23.7, Q23.8, Q23.9, Q24, Q24.0, Q24.1, Q24.2, Q24.3, Q24.4, Q24.5, Q24.6, Q24.7, Q24.8, Q24.9, Q24.9, Q25.0, Q25.1, Q25.2, Q25.3, Q25.4, Q25.5, Q25.6, Q25.7, Q25.8, Q25.9, Q26.0, Q26.1, Q26.2, Q26.3, Q26.4, Q26.5, Q26.6, Q26.7, Q26.8, Q26.9, Q27.0, Q27.1, Q27.2, Q27.3, Q27.4, Q27.5, Q27.6, Q27.7, Q27.8, Q27.9, Q28, Q28.0, Q28.1, Q28.2, Q28.3, Q28.4, Q28.5, Q28.6, Q28.7, Q28.8, Q28.9, Q28.9, Q30.0, Q30.1, Q30.2, Q30.3, Q30.4, Q30.5, Q30.6, Q30.7, Q30.8, Q30.9, Q31.0, Q31.1, Q31.2, Q31.3, Q31.4, Q31.5, Q31.6, Q31.7, Q31.8, Q31.9, Q32.0, Q32.1, Q32.2, Q32.3, Q32.4, Q32.5, Q32.6, Q32.7, Q32.8, Q32.9, Q33.0, Q33.1, Q33.2, Q33.3, Q33.4, Q33.5, Q33.6, Q33.7, Q33.8, Q33.9, Q34.0, Q34.1, Q34.2, Q34.3, Q34.4, Q34.5, Q34.6, Q34.7, Q34.8, Q34.9, Q34.9, Q35.0, Q35.1, Q35.2, Q35.3, Q35.4, Q35.5, Q35.6, Q35.7, Q35.8, Q35.9, Q36.0, Q36.1, Q36.2, Q36.3, Q36.4, Q36.5, Q36.6, Q36.7, Q36.8, Q36.9, Q37, Q37.0, Q37.1, Q37.2, Q37.3, Q37.4, Q37.5, Q37.6, Q37.7, Q37.8, Q37.9, Q38.0, Q38.1, Q38.2, Q38.3, Q38.4, Q38.5, Q38.6, Q38.7, Q38.8, Q38.9, Q39.0, Q39.1, Q39.2, Q39.3, Q39.4, Q39.5, Q39.6, Q39.7, Q39.8, Q39.9, Q40, Q40.0, Q40.1, Q40.1, Q40.2, Q40.3, Q40.4, Q40.5, Q40.6, Q40.7, Q40.8, Q40.9, Q41.0, Q41.1, Q41.2, Q41.3, Q41.4, Q41.5, Q41.6, Q41.7, Q41.8, Q41.9, Q42.0, Q42.1, Q42.2, Q42.3, Q42.4, Q42.5, Q42.6, Q42.7, Q42.8, Q42.9, Q43.0, Q43.1, Q43.2, Q43.3, Q43.4, Q43.5, Q43.6, Q43.7, Q43.8, Q43.9, Q44.0, Q44.1, Q44.2, Q44.3, Q44.4, Q44.5, Q44.6, Q44.7, Q44.8, Q44.9, Q45, Q45.0, Q45.1, Q45.2, Q45.3, Q45.4, Q45.5, Q45.6, Q45.7, Q45.8, Q45.9, Q45.9, Q50.0, Q50.1, Q50.2, Q50.3, Q50.4, Q50.5, Q50.6, Q50.7, Q50.8, Q50.9, Q51.0, Q51.1, Q51.2, Q51.3, Q51.4, Q51.5, Q51.6, Q51.7, Q51.8, Q51.9, Q52.0, Q52.1, Q52.2, Q52.3, Q52.4, Q52.5, Q52.6, Q52.7, Q52.8, Q52.9, Q53.0, Q53.1, Q53.2, Q53.3, Q53.4, Q53.5, Q53.6, Q53.7, Q53.8, Q53.9, Q54.0, Q54.1, Q54.2, Q54.3, Q54.4, Q54.5, Q54.6, Q54.7, Q54.8, Q54.9, Q55.0, Q55.1, Q55.2, Q55.3, Q55.4, Q55.5, Q55.6, Q55.7, Q55.8, Q55.9, Q56.0, Q56.1, Q56.2, Q56.3, Q56.4, Q56.5, Q56.6, Q56.7, Q56.8, Q56.9, Q60.0, Q60.1, Q60.2, Q60.3, Q60.4, Q60.5, Q60.6, Q60.7, Q60.8, Q60.9, Q61.0, Q61.1, Q61.2, Q61.3, Q61.4, Q61.5, Q61.6, Q61.7, Q61.8, Q61.9, Q62.0, Q62.1, Q62.2, Q62.3, Q62.4, Q62.5, Q62.6, Q62.7, Q62.8, Q62.9, Q63.0, Q63.1, Q63.2, Q63.3, Q63.4, Q63.5, Q63.6, Q63.7, Q63.8, Q63.9, Q64.0, Q64.1, Q64.2, Q64.3, Q64.4, Q64.5, Q64.6, Q64.7, Q64.8, Q64.9, Q64.9, Q68, Q80.0, Q80.1, Q80.2, Q80.3, Q80.4, Q80.5, Q80.6, Q80.7, Q80.8, Q80.9, Q81.0, Q81.1, Q81.2, Q81.3, Q81.4, Q81.5, Q81.6, Q81.7, Q81.8, Q81.9, Q82.0, Q82.1, Q82.2, Q82.3, Q82.4, Q82.5, Q82.6, Q82.7, Q82.8, Q82.9, Q83.0, Q83.1, Q83.2, Q83.3, Q83.4, Q83.5, Q83.6, Q83.7, Q83.8, Q83.9, Q84.0, Q84.1, Q84.2, Q84.3, Q84.4, Q84.5, Q84.6, Q84.7, Q84.8, Q84.9, Q84.9, Q85.0, Q85.1, Q85.2, Q85.3, Q85.4, Q85.5, Q85.6, Q85.7, Q85.8, Q85.9, Q86.0, Q86.1, Q86.2, Q86.3, Q86.4, Q86.5, Q86.6, Q86.7, Q86.8, Q86.9, Q87.0, Q87.1, Q87.2, Q87.3, Q87.4, Q87.5, Q87.6, Q87.7, Q87.8, Q87.9, Q88.0, Q88.1, Q88.2, Q88.3, Q88.4, Q88.5, Q88.6, Q88.7, Q88.8, Q88.9, Q89.0, Q89.1, Q89.2, Q89.3, Q89.4, Q89.5, Q89.6, Q89.7, Q89.8, Q89.9, Q89.9, Q99.9"
"Major congenital anomalies","ICD10CM","Q00, Q00, Q01, Q02, Q03, Q04, Q05, Q05, Q05.9, Q06, Q07, Q07.9, Q10, Q11, Q12, Q13, Q14, Q15, Q15.9, Q16, Q17, Q17.9, Q18, Q20, Q21, Q22, Q23, Q24, Q24, Q24.9, Q24.9, Q25, Q26, Q27, Q28, Q28, Q28.9, Q30, Q31, Q32, Q33, Q34, Q34.9, Q35, Q36, Q37, Q37, Q37.9, Q38, Q39, Q40, Q40, Q40.1, Q41, Q42, Q43, Q44, Q45, Q45, Q45.9, Q50, Q51, Q52, Q53, Q54, Q55, Q56, Q60, Q61, Q62, Q63, Q64, Q64.9, Q68, Q80, Q81, Q82, Q83, Q84, Q84.9, Q85, Q86, Q87, Q88, Q89, Q89.9, Q99.9"
"Major congenital anomalies","ICD9CM","740, 740.00, 740.01, 740.02, 740.03, 740.04, 740.05, 740.06, 740.07, 740.08, 740.09, 740.10, 740.11, 740.12, 740.13, 740.14, 740.15, 740.16, 740.17, 740.18, 740.19, 740.20, 740.21, 740.22, 740.23, 740.24, 740.25, 740.26, 740.27, 740.28, 740.29, 740.30, 740.31, 740.32, 740.33, 740.34, 740.35, 740.36, 740.37, 740.38, 740.39, 740.40, 740.41, 740.42, 740.43, 740.44, 740.45, 740.46, 740.47, 740.48, 740.49, 740.50, 740.51, 740.52, 740.53, 740.54, 740.55, 740.56, 740.57, 740.58, 740.59, 740.60, 740.61, 740.62, 740.63, 740.64, 740.65, 740.66, 740.67, 740.68, 740.69, 740.70, 740.71, 740.72, 740.73, 740.74, 740.75, 740.76, 740.77, 740.78, 740.79, 740.80, 740.81, 740.82, 740.83, 740.84, 740.85, 740.86, 740.87, 740.88, 740.89, 740.90, 740.91, 740.92, 740.93, 740.94, 740.95, 740.96, 740.97, 740.98, 740.99, 741, 741.00, 741.01, 741.02, 741.03, 741.04, 741.05, 741.06, 741.07, 741.08, 741.09, 741.10, 741.11, 741.12, 741.13, 741.14, 741.15, 741.16, 741.17, 741.18, 741.19, 741.20, 741.21, 741.22, 741.23, 741.24, 741.25, 741.26, 741.27, 741.28, 741.29, 741.30, 741.31, 741.32, 741.33, 741.34, 741.35, 741.36, 741.37, 741.38, 741.39, 741.40, 741.41, 741.42, 741.43, 741.44, 741.45, 741.46, 741.47, 741.48, 741.49, 741.50, 741.51, 741.52, 741.53, 741.54, 741.55, 741.56, 741.57, 741.58, 741.59, 741.60, 741.61, 741.62, 741.63, 741.64, 741.65, 741.66, 741.67, 741.68, 741.69, 741.70, 741.71, 741.72, 741.73, 741.74, 741.75, 741.76, 741.77, 741.78, 741.79, 741.80, 741.81, 741.82, 741.83, 741.84, 741.85, 741.86, 741.87, 741.88, 741.89, 741.90, 741.91, 741.92, 741.93, 741.94, 741.95, 741.96, 741.97, 741.98, 741.99, 742, 742.00, 742.01, 742.02, 742.03, 742.04, 742.05, 742.06, 742.07, 742.08, 742.09, 742.10, 742.11, 742.12, 742.13, 742.14, 742.15, 742.16, 742.17, 742.18, 742.19, 742.20, 742.21, 742.22, 742.23, 742.24, 742.25, 742.26, 742.27, 742.28, 742.29, 742.30, 742.31, 742.32, 742.33, 742.34, 742.35, 742.36, 742.37, 742.38, 742.39, 742.40, 742.41, 742.42, 742.43, 742.44, 742.45, 742.46, 742.47, 742.48, 742.49, 742.50, 742.51, 742.52, 742.53, 742.54, 742.55, 742.56, 742.57, 742.58, 742.59, 742.60, 742.61, 742.62, 742.63, 742.64, 742.65, 742.66, 742.67, 742.68, 742.69, 742.70, 742.71, 742.72, 742.73, 742.74, 742.75, 742.76, 742.77, 742.78, 742.79, 742.80, 742.81, 742.82, 742.83, 742.84, 742.85, 742.86, 742.87, 742.88, 742.89, 742.9, 742.90, 742.91, 742.92, 742.93, 742.94, 742.95, 742.96, 742.97, 742.98, 742.99, 743, 743.00, 743.01, 743.02, 743.03, 743.04, 743.05, 743.06, 743.07, 743.08, 743.09, 743.10, 743.11, 743.12, 743.13, 743.14, 743.15, 743.16, 743.17, 743.18, 743.19, 743.20, 743.21, 743.22, 743.23, 743.24, 743.25, 743.26, 743.27, 743.28, 743.29, 743.30, 743.31, 743.32, 743.33, 743.34, 743.35, 743.36, 743.37, 743.38, 743.39, 743.40, 743.41, 743.42, 743.43, 743.44, 743.45, 743.46, 743.47, 743.48, 743.49, 743.50, 743.51, 743.52, 743.53, 743.54, 743.55, 743.56, 743.57, 743.58, 743.59, 743.60, 743.61, 743.62, 743.63, 743.64, 743.65, 743.66, 743.67, 743.68, 743.69, 743.70, 743.71, 743.72, 743.73, 743.74, 743.75, 743.76, 743.77, 743.78, 743.79, 743.80, 743.81, 743.82, 743.83, 743.84, 743.85, 743.86, 743.87, 743.88, 743.89, 743.9, 743.90, 743.91, 743.92, 743.93, 743.94, 743.95, 743.96, 743.97, 743.98, 743.99, 744.00, 744.01, 744.02, 744.03, 744.04, 744.05, 744.06, 744.07, 744.08, 744.09, 744.10, 744.11, 744.12, 744.13, 744.14, 744.15, 744.16, 744.17, 744.18, 744.19, 744.20, 744.21, 744.22, 744.23, 744.24, 744.25, 744.26, 744.27, 744.28, 744.29, 744.3, 744.30, 744.31, 744.32, 744.33, 744.34, 744.35, 744.36, 744.37, 744.38, 744.39, 744.40, 744.41, 744.42, 744.43, 744.44, 744.45, 744.46, 744.47, 744.48, 744.49, 744.50, 744.51, 744.52, 744.53, 744.54, 744.55, 744.56, 744.57, 744.58, 744.59, 744.60, 744.61, 744.62, 744.63, 744.64, 744.65, 744.66, 744.67, 744.68, 744.69, 744.70, 744.71, 744.72, 744.73, 744.74, 744.75, 744.76, 744.77, 744.78, 744.79, 744.80, 744.81, 744.82, 744.83, 744.84, 744.85, 744.86, 744.87, 744.88, 744.89, 744.90, 744.91, 744.92, 744.93, 744.94, 744.95, 744.96, 744.97, 744.98, 744.99, 745, 745.00, 745.01, 745.02, 745.03, 745.04, 745.05, 745.06, 745.07, 745.08, 745.09, 745.10, 745.11, 745.12, 745.13, 745.14, 745.15, 745.16, 745.17, 745.18, 745.19, 745.20, 745.21, 745.22, 745.23, 745.24, 745.25, 745.26, 745.27, 745.28, 745.29, 745.30, 745.31, 745.32, 745.33, 745.34, 745.35, 745.36, 745.37, 745.38, 745.39, 745.40, 745.41, 745.42, 745.43, 745.44, 745.45, 745.46, 745.47, 745.48, 745.49, 745.50, 745.51, 745.52, 745.53, 745.54, 745.55, 745.56, 745.57, 745.58, 745.59, 745.60, 745.61, 745.62, 745.63, 745.64, 745.65, 745.66, 745.67, 745.68, 745.69, 745.70, 745.71, 745.72, 745.73, 745.74, 745.75, 745.76, 745.77, 745.78, 745.79, 745.80, 745.81, 745.82, 745.83, 745.84, 745.85, 745.86, 745.87, 745.88, 745.89, 745.90, 745.91, 745.92, 745.93, 745.94, 745.95, 745.96, 745.97, 745.98, 745.99, 746, 746.00, 746.01, 746.02, 746.03, 746.04, 746.05, 746.06, 746.07, 746.08, 746.09, 746.10, 746.11, 746.12, 746.13, 746.14, 746.15, 746.16, 746.17, 746.18, 746.19, 746.20, 746.21, 746.22, 746.23, 746.24, 746.25, 746.26, 746.27, 746.28, 746.29, 746.30, 746.31, 746.32, 746.33, 746.34, 746.35, 746.36, 746.37, 746.38, 746.39, 746.40, 746.41, 746.42, 746.43, 746.44, 746.45, 746.46, 746.47, 746.48, 746.49, 746.50, 746.51, 746.52, 746.53, 746.54, 746.55, 746.56, 746.57, 746.58, 746.59, 746.60, 746.61, 746.62, 746.63, 746.64, 746.65, 746.66, 746.67, 746.68, 746.69, 746.70, 746.71, 746.72, 746.73, 746.74, 746.75, 746.76, 746.77, 746.78, 746.79, 746.80, 746.81, 746.82, 746.83, 746.84, 746.85, 746.86, 746.87, 746.88, 746.89, 746.9, 746.90, 746.91, 746.92, 746.93, 746.94, 746.95, 746.96, 746.97, 746.98, 746.99, 747, 747.00, 747.01, 747.02, 747.03, 747.04, 747.05, 747.06, 747.07, 747.08, 747.09, 747.10, 747.11, 747.12, 747.13, 747.14, 747.15, 747.16, 747.17, 747.18, 747.19, 747.20, 747.21, 747.22, 747.23, 747.24, 747.25, 747.26, 747.27, 747.28, 747.29, 747.30, 747.31, 747.32, 747.33, 747.34, 747.35, 747.36, 747.37, 747.38, 747.39, 747.40, 747.41, 747.42, 747.43, 747.44, 747.45, 747.46, 747.47, 747.48, 747.49, 747.50, 747.51, 747.52, 747.53, 747.54, 747.55, 747.56, 747.57, 747.58, 747.59, 747.60, 747.61, 747.62, 747.63, 747.64, 747.65, 747.66, 747.67, 747.68, 747.69, 747.70, 747.71, 747.72, 747.73, 747.74, 747.75, 747.76, 747.77, 747.78, 747.79, 747.80, 747.81, 747.82, 747.83, 747.84, 747.85, 747.86, 747.87, 747.88, 747.89, 747.9, 747.90, 747.91, 747.92, 747.93, 747.94, 747.95, 747.96, 747.97, 747.98, 747.99, 748, 748.00, 748.01, 748.02, 748.03, 748.04, 748.05, 748.06, 748.07, 748.08, 748.09, 748.10, 748.11, 748.12, 748.13, 748.14, 748.15, 748.16, 748.17, 748.18, 748.19, 748.20, 748.21, 748.22, 748.23, 748.24, 748.25, 748.26, 748.27, 748.28, 748.29, 748.30, 748.31, 748.32, 748.33, 748.34, 748.35, 748.36, 748.37, 748.38, 748.39, 748.40, 748.41, 748.42, 748.43, 748.44, 748.45, 748.46, 748.47, 748.48, 748.49, 748.50, 748.51, 748.52, 748.53, 748.54, 748.55, 748.56, 748.57, 748.58, 748.59, 748.60, 748.61, 748.62, 748.63, 748.64, 748.65, 748.66, 748.67, 748.68, 748.69, 748.70, 748.71, 748.72, 748.73, 748.74, 748.75, 748.76, 748.77, 748.78, 748.79, 748.80, 748.81, 748.82, 748.83, 748.84, 748.85, 748.86, 748.87, 748.88, 748.89, 748.9, 748.90, 748.91, 748.92, 748.93, 748.94, 748.95, 748.96, 748.97, 748.98, 748.99, 749, 749.00, 749.01, 749.02, 749.03, 749.04, 749.05, 749.06, 749.07, 749.08, 749.09, 749.10, 749.11, 749.12, 749.13, 749.14, 749.15, 749.16, 749.17, 749.18, 749.19, 749.2, 749.20, 749.20, 749.21, 749.22, 749.23, 749.24, 749.25, 749.26, 749.27, 749.28, 749.29, 749.30, 749.31, 749.32, 749.33, 749.34, 749.35, 749.36, 749.37, 749.38, 749.39, 749.40, 749.41, 749.42, 749.43, 749.44, 749.45, 749.46, 749.47, 749.48, 749.49, 749.50, 749.51, 749.52, 749.53, 749.54, 749.55, 749.56, 749.57, 749.58, 749.59, 749.60, 749.61, 749.62, 749.63, 749.64, 749.65, 749.66, 749.67, 749.68, 749.69, 749.70, 749.71, 749.72, 749.73, 749.74, 749.75, 749.76, 749.77, 749.78, 749.79, 749.80, 749.81, 749.82, 749.83, 749.84, 749.85, 749.86, 749.87, 749.88, 749.89, 749.90, 749.91, 749.92, 749.93, 749.94, 749.95, 749.96, 749.97, 749.98, 749.99, 750, 750.00, 750.01, 750.02, 750.03, 750.04, 750.05, 750.06, 750.07, 750.08, 750.09, 750.10, 750.11, 750.12, 750.13, 750.14, 750.15, 750.16, 750.17, 750.18, 750.19, 750.20, 750.21, 750.22, 750.23, 750.24, 750.25, 750.26, 750.27, 750.28, 750.29, 750.30, 750.31, 750.32, 750.33, 750.34, 750.35, 750.36, 750.37, 750.38, 750.39, 750.40, 750.41, 750.42, 750.43, 750.44, 750.45, 750.46, 750.47, 750.48, 750.49, 750.50, 750.51, 750.52, 750.53, 750.54, 750.55, 750.56, 750.57, 750.58, 750.59, 750.6, 750.60, 750.61, 750.62, 750.63, 750.64, 750.65, 750.66, 750.67, 750.68, 750.69, 750.70, 750.71, 750.72, 750.73, 750.74, 750.75, 750.76, 750.77, 750.78, 750.79, 750.80, 750.81, 750.82, 750.83, 750.84, 750.85, 750.86, 750.87, 750.88, 750.89, 750.90, 750.91, 750.92, 750.93, 750.94, 750.95, 750.96, 750.97, 750.98, 750.99, 751, 751.00, 751.01, 751.02, 751.03, 751.04, 751.05, 751.06, 751.07, 751.08, 751.09, 751.10, 751.11, 751.12, 751.13, 751.14, 751.15, 751.16, 751.17, 751.18, 751.19, 751.20, 751.21, 751.22, 751.23, 751.24, 751.25, 751.26, 751.27, 751.28, 751.29, 751.30, 751.31, 751.32, 751.33, 751.34, 751.35, 751.36, 751.37, 751.38, 751.39, 751.40, 751.41, 751.42, 751.43, 751.44, 751.45, 751.46, 751.47, 751.48, 751.49, 751.50, 751.51, 751.52, 751.53, 751.54, 751.55, 751.56, 751.57, 751.58, 751.59, 751.60, 751.61, 751.62, 751.63, 751.64, 751.65, 751.66, 751.67, 751.68, 751.69, 751.70, 751.71, 751.72, 751.73, 751.74, 751.75, 751.76, 751.77, 751.78, 751.79, 751.80, 751.81, 751.82, 751.83, 751.84, 751.85, 751.86, 751.87, 751.88, 751.89, 751.9, 751.90, 751.91, 751.92, 751.93, 751.94, 751.95, 751.96, 751.97, 751.98, 751.99, 752, 752.00, 752.01, 752.02, 752.03, 752.04, 752.05, 752.06, 752.07, 752.08, 752.09, 752.10, 752.11, 752.12, 752.13, 752.14, 752.15, 752.16, 752.17, 752.18, 752.19, 752.20, 752.21, 752.22, 752.23, 752.24, 752.25, 752.26, 752.27, 752.28, 752.29, 752.30, 752.31, 752.32, 752.33, 752.34, 752.35, 752.36, 752.37, 752.38, 752.39, 752.40, 752.41, 752.42, 752.43, 752.44, 752.45, 752.46, 752.47, 752.48, 752.49, 752.50, 752.51, 752.52, 752.53, 752.54, 752.55, 752.56, 752.57, 752.58, 752.59, 752.60, 752.61, 752.62, 752.63, 752.64, 752.65, 752.66, 752.67, 752.68, 752.69, 752.70, 752.71, 752.72, 752.73, 752.74, 752.75, 752.76, 752.77, 752.78, 752.79, 752.80, 752.81, 752.82, 752.83, 752.84, 752.85, 752.86, 752.87, 752.88, 752.89, 752.9, 752.90, 752.91, 752.92, 752.93, 752.94, 752.95, 752.96, 752.97, 752.98, 752.99, 753, 753.00, 753.01, 753.02, 753.03, 753.04, 753.05, 753.06, 753.07, 753.08, 753.09, 753.10, 753.11, 753.12, 753.13, 753.14, 753.15, 753.16, 753.17, 753.18, 753.19, 753.20, 753.21, 753.22, 753.23, 753.24, 753.25, 753.26, 753.27, 753.28, 753.29, 753.30, 753.31, 753.32, 753.33, 753.34, 753.35, 753.36, 753.37, 753.38, 753.39, 753.40, 753.41, 753.42, 753.43, 753.44, 753.45, 753.46, 753.47, 753.48, 753.49, 753.50, 753.51, 753.52, 753.53, 753.54, 753.55, 753.56, 753.57, 753.58, 753.59, 753.60, 753.61, 753.62, 753.63, 753.64, 753.65, 753.66, 753.67, 753.68, 753.69, 753.70, 753.71, 753.72, 753.73, 753.74, 753.75, 753.76, 753.77, 753.78, 753.79, 753.80, 753.81, 753.82, 753.83, 753.84, 753.85, 753.86, 753.87, 753.88, 753.89, 753.9, 753.90, 753.91, 753.92, 753.93, 753.94, 753.95, 753.96, 753.97, 753.98, 753.99, 754, 754.00, 754.01, 754.02, 754.03, 754.04, 754.05, 754.06, 754.07, 754.08, 754.09, 754.10, 754.11, 754.12, 754.13, 754.14, 754.15, 754.16, 754.17, 754.18, 754.19, 754.20, 754.21, 754.22, 754.23, 754.24, 754.25, 754.26, 754.27, 754.28, 754.29, 754.30, 754.31, 754.32, 754.33, 754.34, 754.35, 754.36, 754.37, 754.38, 754.39, 754.40, 754.41, 754.42, 754.43, 754.44, 754.45, 754.46, 754.47, 754.48, 754.49, 754.50, 754.51, 754.52, 754.53, 754.54, 754.55, 754.56, 754.57, 754.58, 754.59, 754.60, 754.61, 754.62, 754.63, 754.64, 754.65, 754.66, 754.67, 754.68, 754.69, 754.70, 754.71, 754.72, 754.73, 754.74, 754.75, 754.76, 754.77, 754.78, 754.79, 754.80, 754.81, 754.82, 754.83, 754.84, 754.85, 754.86, 754.87, 754.88, 754.89, 754.90, 754.91, 754.92, 754.93, 754.94, 754.95, 754.96, 754.97, 754.98, 754.99, 755, 755.00, 755.01, 755.02, 755.03, 755.04, 755.05, 755.06, 755.07, 755.08, 755.09, 755.10, 755.11, 755.12, 755.13, 755.14, 755.15, 755.16, 755.17, 755.18, 755.19, 755.20, 755.21, 755.22, 755.23, 755.24, 755.25, 755.26, 755.27, 755.28, 755.29, 755.30, 755.31, 755.32, 755.33, 755.34, 755.35, 755.36, 755.37, 755.38, 755.39, 755.40, 755.41, 755.42, 755.43, 755.44, 755.45, 755.46, 755.47, 755.48, 755.49, 755.50, 755.51, 755.52, 755.53, 755.54, 755.55, 755.56, 755.57, 755.58, 755.59, 755.60, 755.61, 755.62, 755.63, 755.64, 755.65, 755.66, 755.67, 755.68, 755.69, 755.70, 755.71, 755.72, 755.73, 755.74, 755.75, 755.76, 755.77, 755.78, 755.79, 755.80, 755.81, 755.82, 755.83, 755.84, 755.85, 755.86, 755.87, 755.88, 755.89, 755.90, 755.91, 755.92, 755.93, 755.94, 755.95, 755.96, 755.97, 755.98, 755.99, 756, 756.00, 756.01, 756.02, 756.03, 756.04, 756.05, 756.06, 756.07, 756.08, 756.09, 756.10, 756.11, 756.12, 756.13, 756.14, 756.15, 756.16, 756.17, 756.18, 756.19, 756.20, 756.21, 756.22, 756.23, 756.24, 756.25, 756.26, 756.27, 756.28, 756.29, 756.30, 756.31, 756.32, 756.33, 756.34, 756.35, 756.36, 756.37, 756.38, 756.39, 756.40, 756.41, 756.42, 756.43, 756.44, 756.45, 756.46, 756.47, 756.48, 756.49, 756.50, 756.51, 756.52, 756.53, 756.54, 756.55, 756.56, 756.57, 756.58, 756.59, 756.60, 756.61, 756.62, 756.63, 756.64, 756.65, 756.66, 756.67, 756.68, 756.69, 756.70, 756.71, 756.72, 756.73, 756.74, 756.75, 756.76, 756.77, 756.78, 756.79, 756.80, 756.81, 756.82, 756.83, 756.84, 756.85, 756.86, 756.87, 756.88, 756.89, 756.90, 756.91, 756.92, 756.93, 756.94, 756.95, 756.96, 756.97, 756.98, 756.99, 757, 757.00, 757.01, 757.02, 757.03, 757.04, 757.05, 757.06, 757.07, 757.08, 757.09, 757.10, 757.11, 757.12, 757.13, 757.14, 757.15, 757.16, 757.17, 757.18, 757.19, 757.20, 757.21, 757.22, 757.23, 757.24, 757.25, 757.26, 757.27, 757.28, 757.29, 757.30, 757.31, 757.32, 757.33, 757.34, 757.35, 757.36, 757.37, 757.38, 757.39, 757.40, 757.41, 757.42, 757.43, 757.44, 757.45, 757.46, 757.47, 757.48, 757.49, 757.50, 757.51, 757.52, 757.53, 757.54, 757.55, 757.56, 757.57, 757.58, 757.59, 757.60, 757.61, 757.62, 757.63, 757.64, 757.65, 757.66, 757.67, 757.68, 757.69, 757.70, 757.71, 757.72, 757.73, 757.74, 757.75, 757.76, 757.77, 757.78, 757.79, 757.80, 757.81, 757.82, 757.83, 757.84, 757.85, 757.86, 757.87, 757.88, 757.89, 757.9, 757.90, 757.91, 757.92, 757.93, 757.94, 757.95, 757.96, 757.97, 757.98, 757.99, 758, 758.00, 758.01, 758.02, 758.03, 758.04, 758.05, 758.06, 758.07, 758.08, 758.09, 758.10, 758.11, 758.12, 758.13, 758.14, 758.15, 758.16, 758.17, 758.18, 758.19, 758.20, 758.21, 758.22, 758.23, 758.24, 758.25, 758.26, 758.27, 758.28, 758.29, 758.30, 758.31, 758.32, 758.33, 758.34, 758.35, 758.36, 758.37, 758.38, 758.39, 758.40, 758.41, 758.42, 758.43, 758.44, 758.45, 758.46, 758.47, 758.48, 758.49, 758.50, 758.51, 758.52, 758.53, 758.54, 758.55, 758.56, 758.57, 758.58, 758.59, 758.60, 758.61, 758.62, 758.63, 758.64, 758.65, 758.66, 758.67, 758.68, 758.69, 758.70, 758.71, 758.72, 758.73, 758.74, 758.75, 758.76, 758.77, 758.78, 758.79, 758.80, 758.81, 758.82, 758.83, 758.84, 758.85, 758.86, 758.87, 758.88, 758.89, 758.9, 758.90, 758.91, 758.92, 758.93, 758.94, 758.95, 758.96, 758.97, 758.98, 758.99, 759, 759.00, 759.01, 759.02, 759.03, 759.04, 759.05, 759.06, 759.07, 759.08, 759.09, 759.10, 759.11, 759.12, 759.13, 759.14, 759.15, 759.16, 759.17, 759.18, 759.19, 759.20, 759.21, 759.22, 759.23, 759.24, 759.25, 759.26, 759.27, 759.28, 759.29, 759.30, 759.31, 759.32, 759.33, 759.34, 759.35, 759.36, 759.37, 759.38, 759.39, 759.40, 759.41, 759.42, 759.43, 759.44, 759.45, 759.46, 759.47, 759.48, 759.49, 759.50, 759.51, 759.52, 759.53, 759.54, 759.55, 759.56, 759.57, 759.58, 759.59, 759.60, 759.61, 759.62, 759.63, 759.64, 759.65, 759.66, 759.67, 759.68, 759.69, 759.70, 759.71, 759.72, 759.73, 759.74, 759.75, 759.76, 759.77, 759.78, 759.79, 759.80, 759.81, 759.82, 759.83, 759.84, 759.85, 759.86, 759.87, 759.88, 759.89, 759.9, 759.90, 759.91, 759.92, 759.93, 759.94, 759.95, 759.96, 759.97, 759.98, 759.99"
"Major congenital anomalies","ICD9","740, 740.0, 740.1, 740.2, 741, 741.0, 741.9, 742, 742.0, 742.1, 742.2, 742.3, 742.4, 742.5, 742.8, 742.9, 743, 743.0, 743.1, 743.2, 743.3, 743.4, 743.5, 743.6, 743.8, 743.9, 744, 744.0, 744.1, 744.2, 744.3, 744.4, 744.5, 744.8, 744.9, 745, 745.0, 745.1, 745.2, 745.3, 745.4, 745.5, 745.6, 745.7, 745.8, 745.9, 746, 746.0, 746.1, 746.2, 746.3, 746.4, 746.5, 746.6, 746.7, 746.8, 746.9, 747, 747.0, 747.1, 747.2, 747.3, 747.4, 747.5, 747.6, 747.8, 747.9, 748, 748.0, 748.1, 748.2, 748.3, 748.4, 748.5, 748.6, 748.8, 748.9, 749, 749.0, 749.1, 749.2, 750, 750.0, 750.1, 750.2, 750.3, 750.4, 750.5, 750.6, 750.7, 750.8, 750.9, 751, 751.0, 751.1, 751.2, 751.3, 751.4, 751.5, 751.6, 751.7, 751.8, 751.9, 752, 752.0, 752.1, 752.2, 752.3, 752.4, 752.5, 752.6, 752.7, 752.8, 752.9, 753, 753.0, 753.1, 753.2, 753.3, 753.4, 753.5, 753.6, 753.7, 753.8, 753.9, 754, 754.0, 754.1, 754.2, 754.3, 754.4, 754.5, 754.6, 754.7, 754.8, 755, 755.0, 755.1, 755.2, 755.3, 755.4, 755.5, 755.6, 755.8, 755.9, 756, 756.0, 756.1, 756.2, 756.3, 756.4, 756.5, 756.6, 756.7, 756.8, 756.9, 757, 757.0, 757.1, 757.2, 757.3, 757.4, 757.5, 757.6, 757.8, 757.9, 758, 758.0, 758.1, 758.2, 758.3, 758.4, 758.5, 758.6, 758.7, 758.8, 758.9, 759, 759.0, 759.1, 759.2, 759.3, 759.4, 759.5, 759.6, 759.7, 759.8, 759.9"
"Major congenital anomalies","ICPC","D81, D81, H80, N85, N85, R89, U85"
"Major congenital anomalies","MTHICD9","742.9, 743.9, 744.3, 746.9, 746.9, 747.9, 748.9, 749.2, 750.6, 751.9, 752.9, 753.9, 757.9"
"Major congenital anomalies","RCD2","P...., P0..., P0z.., P1..., P1z.., P2..., P2y.., P2yz., P2z.., P3..., P3z.., P43.., P6..., P68.., P6zz., P7..., P7z.., P8..., P8z.., P9..., P92.., P920., P92z., PA..., PA6.., PB..., PBz.., PC..., PCz.., PD..., PDz.., PE..., PE9.., PF..., PG..., PHz.., PJ..., PJz.., PJzz., PK..., PKz.., Pyu0., Pyu1., Pyu1D, Pyu2., Pyu2K, Pyu3., Pyu5., Pyu6., Pyu7., Pyu9., Pz..."
"Major congenital anomalies","SNOMEDCT_US","107656002, 112635002, 118642009, 13213009, 13213009, 156884008, 156888006, 156897005, 156902006, 156903001, 156906009, 156911006, 156911006, 156926008, 156933008, 156939007, 156942001, 156963004, 156971000, 156980000, 156994004, 157009008, 157017000, 157018005, 157023005, 157028001, 157033002, 157034008, 19416009, 203922009, 203930005, 204017003, 204018008, 204093003, 204096006, 204097002, 204222005, 204262009, 204338002, 204405005, 204413006, 204414000, 204494001, 204507004, 204592004, 204610002, 204611003, 204622004, 204624003, 204684000, 204820005, 204821009, 204937002, 205028008, 205033007, 205116003, 205118002, 205407005, 205589009, 205610005, 205724000, 205729005, 205730000, 205839007, 205842001, 205845004, 205854001, 205871000, 205893005, 205894004, 205902007, 205905009, 205925008, 205939008, 205973003, 205999005, 21390004, 231789000, 253210009, 253819001, 253859003, 253983005, 268191000, 268238001, 268249007, 268291009, 268310007, 268311006, 268312004, 268315002, 268315002, 268318000, 268321003, 268329001, 268353007, 268354001, 268355000, 268359006, 275259005, 275260000, 276654001, 276655000, 304086001, 38164009, 385297003, 409709004, 41859001, 443341004, 47028006, 66091009, 66948001, 67531005, 69518005, 73262007, 74345006, 77868001, 8380000, 88425004"
"Microcephaly","ICD10","Q02"
"Microcephaly","ICD10CM","Q02, Q02"
"Microcephaly","ICD9CM","742.1"
"Microcephaly","RCD2","P21.., P210., P211., P21z."
"Microcephaly","SNOMEDCT_US","156893009, 1829003, 204029007, 204030002, 204031003, 78071008"
"Migraine","ICD10","G43, G43.0, G43.1, G43.3, G43.8, G43.9"
"Migraine","ICD10CM","G43, G43.0, G43.009, G43.1, G43.1, G43.1, G43.1, G43.1, G43.1, G43.109, G43.4, G43.409, G43.5, G43.509, G43.6, G43.7, G43.8, G43.9, G43.90, G43.909, G43.91, G43.B, G43.D, G44.00"
"Migraine","ICD9CM","346, 346.0, 346.1, 346.2, 346.3, 346.5, 346.6, 346.8, 346.9, 346.90, 346.91, 346.92, 346.93"
"Migraine","ICD9","346, 346.0, 346.1, 346.2, 346.8, 346.9"
"Migraine","ICPC","N89"
"Migraine","MTHICD9","339.00, 346.0, 346.0, 346.0, 346.0, 346.0, 346.1, 346.2, 346.2, 346.5"
"Migraine","RCD2","F26.., F260., F260., F261., F2610, F261z, F2622, F2623, F2624, F26y., F26y0, F26y1, F26y3, F26yz, F26z., Fyu53, R090D"
"Migraine","SNOMEDCT_US","155046006, 155047002, 155048007, 193027003, 193029000, 193033007, 193037008, 193039006, 193040008, 193041007, 194493009, 207219003, 230462002, 230463007, 26150009, 267699004, 37796009, 427419006, 4473006, 4473006, 49605003, 56097005, 59292006, 75879005, 79267007, 83351003, 95655001"
"Multiple gestation","ICD10","O30, O30.0, O30.1, O30.2, O30.8, O30.9, O31.2, Z37.2"
"Multiple gestation","ICD10CM","O30, O30.0, O30.00, O30.009, O30.03, O30.1, O30.2, O30.8, O30.9, O30.90, O30.91, O30.92, O30.93, O31.2, O31.20, Z37.2"
"Multiple gestation","ICD9CM","651, 651.0, 651.00, 651.1, 651.10, 651.2, 651.20, 651.3, 651.4, 651.5, 651.6, 651.7, 651.8, 651.9, 651.90, 651.91, 651.93, V27.2"
"Multiple gestation","ICD9","651, 651.0, 651.1, 651.2, 651.8, 651.9, 652.6, 660.5"
"Multiple gestation","MTHICD9","633.8, 651.00, 651.10, 651.20, 651.4, 651.90, 651.91, V27.2"
"Multiple gestation","RCD2","L03y3, L192., L21.., L210., L2100, L210z, L211., L2110, L211z, L212., L2120, L212z, L21y., L21y0, L21yz, L21z., L21z0, L21z2, Lyu30"
"Multiple gestation","SNOMEDCT_US","156150006, 156151005, 156152003, 156153008, 156154002, 16356006, 199307003, 199316004, 199319006, 199320000, 199323003, 199324009, 199327002, 199332001, 199333006, 199336003, 199337007, 199338002, 199340007, 199341006, 200508000, 315960005, 31601007, 459168005, 60810003, 64254006, 65147003"
"Multiple sclerosis","ICD10","G35, G36.0, H46"
"Multiple sclerosis","ICD10CM","G35, G35, G35, G36.0, H46, H46.9"
"Multiple sclerosis","ICD9CM","340, 341.0, 377.3, 377.30"
"Multiple sclerosis","ICD9","340, 341, 341.0, 341.1, 341.8, 341.9, 377.3, 377.30"
"Multiple sclerosis","ICPC","N86"
"Multiple sclerosis","MTHICD9","340, 340, 340, 340"
"Multiple sclerosis","RCD2","F20.., F200., F201., F202., F203., F20z., F210., F4H3., F4H30, F4H3z"
"Multiple sclerosis","SNOMEDCT_US","155023009, 155189007, 16092000, 18353007, 192926004, 192927008, 192928003, 192929006, 192930001, 194051001, 194052008, 194054009, 230373008, 24700007, 25044007, 267743006, 425500002, 426373005, 428700003, 66760008, 816984002"
"Neonatal death","ICD10","R95, R96.0, R96.1, R98"
"Neonatal death","ICD10CM","G93.82, R99, R99"
"Neonatal death","ICD9CM","348.82, 798, 798.0, 798.1, 798.2, 798.9"
"Neonatal death","ICD9","768.0, 768.1, 798, 798.0, 798.1, 798.2, 798.9"
"Neonatal death","ICPC","A94, A95, A96"
"Neonatal death","MTHICD9","798.0, 798.9, 798.9"
"Neonatal death","RCD2","13M2., 22J.., 22J4., 22J8., 22JZ., Q48y7, Q4z.., Q4z.., Q4z.., R21.., R210., R2100, R2101, R210z, R211., R212., R212z, R213., R2131, R213z, R21z."
"Neonatal death","SNOMEDCT_US","10588007, 138274000, 140067002, 140074007, 15355001, 15355001, 157167009, 157167009, 157167009, 158717006, 158718001, 158719009, 158720003, 158723001, 158724007, 158726009, 158727000, 158728005, 160956009, 162851009, 162858003, 206602000, 206602000, 206602000, 207533004, 207534005, 207535006, 207536007, 207538008, 207539000, 207540003, 207543001, 207544007, 207546009, 207547000, 207548005, 207671002, 240297000, 26636000, 268887007, 268887007, 268887007, 268923008, 274641005, 274644002, 276505002, 276506001, 390729007, 397709008, 399347008, 419620001, 419973004, 50514002, 51178009, 53559009, 61626005, 6254007, 87309006, 90049009"
"Preeclampsia","ICD10","O12.1, O14.1, O14.9, O15, O15.0, O15.9"
"Preeclampsia","ICD10CM","O12.1, O13, O14, O14.1, O14.9, O14.90, O15, O15.9"
"Preeclampsia","ICD9CM","642.3, 642.4, 642.40, 642.41, 642.42, 642.43, 642.44, 642.5, 642.50, 642.51, 642.52, 642.53, 642.54, 642.63, 642.7, 642.70, 642.71, 642.72, 642.73, 642.74"
"Preeclampsia","ICD9","642, 642.0, 642.1, 642.3, 642.4, 642.5, 642.7, 642.9"
"Preeclampsia","ICPC","W81"
"Preeclampsia","MTHICD9","642.3, 642.4, 642.4, 642.40, 642.41, 642.42, 642.43, 642.44, 642.5, 642.50, 642.51, 642.52, 642.53, 642.54, 642.63, 642.70, 642.71, 642.72, 642.73, 642.74"
"Preeclampsia","RCD2","L1230, L1235, L1236, L123z, L124., L124., L1240, L1245, L1246, L124z, L125., L1250, L125z, L126., L1260, L1263, L126z, L12B., L16C0"
"Preeclampsia","SNOMEDCT_US","156106005, 156107001, 156108006, 156109003, 156110008, 156111007, 156125008, 15938005, 198963003, 198964009, 198970003, 198971004, 198972006, 198973001, 198978005, 198979002, 198980004, 198981000, 198982007, 198987001, 198988006, 198989003, 198992004, 198994003, 198996001, 199011002, 199140001, 237279007, 267200002, 267306006, 288201007, 30354006, 34165000, 398254007, 41114007, 46764007, 46764007, 6758009"
"Preterm birth","ICD10","O60, P07.2, P07.3"
"Preterm birth","ICD10CM","O60, P07.2, P07.2, P07.20, P07.20, P07.21, P07.21, P07.22, P07.22, P07.23, P07.23, P07.24, P07.24, P07.25, P07.25, P07.26, P07.26, P07.3, P07.3, P07.3, P07.30, P07.31, P07.31, P07.32, P07.32, P07.33, P07.33, P07.34, P07.34, P07.35, P07.35, P07.36, P07.36, P07.37, P07.37, P07.38, P07.38, P07.39, P07.39"
"Preterm birth","ICD9CM","644.2, 765.0, 765.1, 765.10, 765.11, 765.12, 765.13, 765.14, 765.15, 765.16, 765.17, 765.18, 765.19, 765.21, 765.22, 765.23, 765.24, 765.25, 765.26, 765.27, 765.28"
"Preterm birth","ICD9","641.2, 658.1, 761.1, 765.0, 765.1, 774.2, 776.6"
"Preterm birth","ICPC","A93"
"Preterm birth","MTHICD9","644.2, 765.10, 765.19"
"Preterm birth","RCD2","62X0., 62X1., 6352., 6353., 6356., 6357., 6358., 635B., L14.., L142., L142z, Q11.., Q110., Q112., Q116., Q11z., Qyu11"
"Preterm birth","SNOMEDCT_US","147035002, 147036001, 147079004, 147081002, 147082009, 147085006, 147086007, 147087003, 147090009, 156118001, 156120003, 157080005, 169806005, 169807001, 169848003, 169850006, 169851005, 169853008, 169854002, 169855001, 169858004, 199046005, 199056009, 199059002, 206167009, 206168004, 206168004, 206170008, 206177006, 206621008, 267310009, 268817004, 270496001, 276658003, 282020008, 310523002, 310527001, 310530008, 310548004, 310661005, 313178001, 313179009, 367494004, 395507008, 43963002, 47243004, 4886009, 49550006, 6383007, 65588006, 69471007, 771299009"
"Rheumatoid arthritis","ICD10","M05, M05.0, M05.2, M05.3, M05.8, M05.9, M06.0, M06.1, M06.3, M06.8, M06.9, M08.4"
"Rheumatoid arthritis","ICD10CM","M05.0, M05.00, M05.6, M06.1, M06.3, M06.8, M06.80, M06.9, M08.4, M08.40"
"Rheumatoid arthritis","ICD9CM","714.0, 714.1, 714.2, 714.30, 714.32"
"Rheumatoid arthritis","ICD9","714, 714.0, 714.1, 714.2, 714.3, 714.4, 714.8, 714.9"
"Rheumatoid arthritis","ICPC","L88"
"Rheumatoid arthritis","MTHICD9","714.0, 714.1"
"Rheumatoid arthritis","RCD2","66H3., N005., N040., N0400, N0401, N0402, N0403, N0404, N0405, N0406, N0407, N0408, N0409, N040A, N040B, N040C, N040D, N040E, N040F, N040G, N040H, N040J, N040K, N040L, N040M, N040N, N040P, N040S, N040T, N041., N042., N0422, N0432, N047., N04X., Nyu11, Nyu12, Nyu1G"
"Rheumatoid arthritis","SNOMEDCT_US","111218008, 148074006, 156471009, 156472002, 156473007, 156474001, 156475000, 156477008, 156478003, 156481008, 156482001, 170848008, 201449008, 201764007, 201765008, 201766009, 201767000, 201768005, 201769002, 201770001, 201771002, 201772009, 201773004, 201774005, 201775006, 201776007, 201777003, 201778008, 201779000, 201780002, 201781003, 201782005, 201783000, 201784006, 201785007, 201786008, 201787004, 201789001, 201790005, 201791009, 201792002, 201809006, 201810001, 201811002, 201815006, 203730003, 203732006, 203746006, 239791005, 239792003, 239920006, 287006005, 287010008, 308143008, 33719002, 399112009, 400054000, 402426007, 50782009, 57160007, 69896004, 74391003, 80172006"
"SLE","ICD10","L93, L93.0, L93.1, L93.2, M32, M32.0, M32.1, M32.8, M32.9"
"SLE","ICD10CM","A18.4, H01.12, L93, L93.0, L93.0, L93.1, L93.2, L93.2, M32, M32.0, M32.1, M32.8, M32.9"
"SLE","ICD9CM","373.34, 695.4, 710.0"
"SLE","ICD9","695.4, 710.0"
"SLE","MTHICD9","017.0, 135, 695.4, 695.4, 695.4, 695.4, 710.0"
"SLE","RCD2","A1700, A1703, AD530, F4D33, K01x4, M154., M154., M1540, M1541, M1542, M1543, M1544, M1545, M1546, M1547, M154z, Myu78, N000., N0002, N0003, N0005, N000z, Nyu43"
"SLE","SNOMEDCT_US","10528009, 13902000, 15084002, 154290000, 156365002, 156450004, 186248003, 186249006, 186251005, 197608009, 200936003, 200937007, 200938002, 200939005, 200940007, 200941006, 200942004, 200943009, 200944003, 201422008, 201435004, 201436003, 201437007, 201439005, 203784000, 238927000, 239887007, 239888002, 239891002, 55464009, 68815009, 7119001, 79291003, 80258006, 95609003"
"Spontaneous abortion","ICD10","N96, O02.1, O03, O03.0, O03.2, O03.3, O03.4, O03.5, O03.7, O03.8, O03.9"
"Spontaneous abortion","ICD10/CM","N96, O00.1, O02.1, O03, O03.0, O03.2, O03.9"
"Spontaneous abortion","ICD9CM","632, 634, 634.0, 634.00, 634.01, 634.1, 634.2, 634.20, 634.3, 634.4, 634.40, 634.5, 634.6, 634.61, 634.7, 634.70, 634.8, 634.80, 634.9, 634.90, 634.91"
"Spontaneous abortion","ICD9","632, 634, 634.0, 634.1, 634.2, 634.3, 634.4, 634.5, 634.6, 634.7, 634.8, 634.9"
"Spontaneous abortion","ICPC","W82"
"Spontaneous abortion","MTHICD9","631.8, 633.1, 761.8"
"Spontaneous abortion","RCD2","L010., L011., L02.., L04.., L040., L040w, L040x, L040y, L040z, L041y, L04z., L264., L2640, L264z"
"Spontaneous abortion","SNOMEDCT_US","102878001, 10697004, 13384007, 146811001, 156071003, 156072005, 156074006, 156086009, 156087000, 156126009, 156184005, 16607004, 16863000, 17369002, 19169002, 198616002, 198621004, 198631006, 198640005, 198641009, 198642002, 198643007, 198650006, 198653008, 198654002, 198689000, 199086002, 199090000, 199605001, 199606000, 199609007, 237245006, 240400006, 267187007, 267191002, 267294003, 267299008, 268574009, 275425008, 276507005, 2781009, 34270000, 34614007, 35999006, 428593008, 43306002, 54726000, 58990004, 609525000, 6176008, 76358005, 77846006, 84122000"
"Still birth","ICD10","P95"
"Still birth","ICD10CM","P95, P95"
"Still birth","ICD9","656.4, 768.0, 768.1"
"Still birth","RCD2","L264., L2640, L264z, Q48D."
"Still birth","SNOMEDCT_US","156184005, 157167009, 198901003, 199605001, 199606000, 199609007, 206581002, 206583004, 237364002, 237366000, 268887007, 276507005, 309759009, 45513003, 76358005, 76358005, 7860005, 84122000"
"TOPFA","ICD10","P96.4, Q89.9"
"TOPFA","ICD10CM","Q89.9"
"TOPFA","ICD9CM","740.00, 740.01, 740.02, 740.03, 740.04, 740.05, 740.06, 740.07, 740.08, 740.09, 740.10, 740.11, 740.12, 740.13, 740.14, 740.15, 740.16, 740.17, 740.18, 740.19, 740.20, 740.21, 740.22, 740.23, 740.24, 740.25, 740.26, 740.27, 740.28, 740.29, 740.30, 740.31, 740.32, 740.33, 740.34, 740.35, 740.36, 740.37, 740.38, 740.39, 740.40, 740.41, 740.42, 740.43, 740.44, 740.45, 740.46, 740.47, 740.48, 740.49, 740.50, 740.51, 740.52, 740.53, 740.54, 740.55, 740.56, 740.57, 740.58, 740.59, 740.60, 740.61, 740.62, 740.63, 740.64, 740.65, 740.66, 740.67, 740.68, 740.69, 740.70, 740.71, 740.72, 740.73, 740.74, 740.75, 740.76, 740.77, 740.78, 740.79, 740.80, 740.81, 740.82, 740.83, 740.84, 740.85, 740.86, 740.87, 740.88, 740.89, 740.90, 740.91, 740.92, 740.93, 740.94, 740.95, 740.96, 740.97, 740.98, 740.99, 741.00, 741.01, 741.02, 741.03, 741.04, 741.05, 741.06, 741.07, 741.08, 741.09, 741.10, 741.11, 741.12, 741.13, 741.14, 741.15, 741.16, 741.17, 741.18, 741.19, 741.20, 741.21, 741.22, 741.23, 741.24, 741.25, 741.26, 741.27, 741.28, 741.29, 741.30, 741.31, 741.32, 741.33, 741.34, 741.35, 741.36, 741.37, 741.38, 741.39, 741.40, 741.41, 741.42, 741.43, 741.44, 741.45, 741.46, 741.47, 741.48, 741.49, 741.50, 741.51, 741.52, 741.53, 741.54, 741.55, 741.56, 741.57, 741.58, 741.59, 741.60, 741.61, 741.62, 741.63, 741.64, 741.65, 741.66, 741.67, 741.68, 741.69, 741.70, 741.71, 741.72, 741.73, 741.74, 741.75, 741.76, 741.77, 741.78, 741.79, 741.80, 741.81, 741.82, 741.83, 741.84, 741.85, 741.86, 741.87, 741.88, 741.89, 741.90, 741.91, 741.92, 741.93, 741.94, 741.95, 741.96, 741.97, 741.98, 741.99, 742.00, 742.01, 742.02, 742.03, 742.04, 742.05, 742.06, 742.07, 742.08, 742.09, 742.10, 742.11, 742.12, 742.13, 742.14, 742.15, 742.16, 742.17, 742.18, 742.19, 742.20, 742.21, 742.22, 742.23, 742.24, 742.25, 742.26, 742.27, 742.28, 742.29, 742.30, 742.31, 742.32, 742.33, 742.34, 742.35, 742.36, 742.37, 742.38, 742.39, 742.40, 742.41, 742.42, 742.43, 742.44, 742.45, 742.46, 742.47, 742.48, 742.49, 742.50, 742.51, 742.52, 742.53, 742.54, 742.55, 742.56, 742.57, 742.58, 742.59, 742.60, 742.61, 742.62, 742.63, 742.64, 742.65, 742.66, 742.67, 742.68, 742.69, 742.70, 742.71, 742.72, 742.73, 742.74, 742.75, 742.76, 742.77, 742.78, 742.79, 742.80, 742.81, 742.82, 742.83, 742.84, 742.85, 742.86, 742.87, 742.88, 742.89, 742.90, 742.91, 742.92, 742.93, 742.94, 742.95, 742.96, 742.97, 742.98, 742.99, 743.00, 743.01, 743.02, 743.03, 743.04, 743.05, 743.06, 743.07, 743.08, 743.09, 743.10, 743.11, 743.12, 743.13, 743.14, 743.15, 743.16, 743.17, 743.18, 743.19, 743.20, 743.21, 743.22, 743.23, 743.24, 743.25, 743.26, 743.27, 743.28, 743.29, 743.30, 743.31, 743.32, 743.33, 743.34, 743.35, 743.36, 743.37, 743.38, 743.39, 743.40, 743.41, 743.42, 743.43, 743.44, 743.45, 743.46, 743.47, 743.48, 743.49, 743.50, 743.51, 743.52, 743.53, 743.54, 743.55, 743.56, 743.57, 743.58, 743.59, 743.60, 743.61, 743.62, 743.63, 743.64, 743.65, 743.66, 743.67, 743.68, 743.69, 743.70, 743.71, 743.72, 743.73, 743.74, 743.75, 743.76, 743.77, 743.78, 743.79, 743.80, 743.81, 743.82, 743.83, 743.84, 743.85, 743.86, 743.87, 743.88, 743.89, 743.90, 743.91, 743.92, 743.93, 743.94, 743.95, 743.96, 743.97, 743.98, 743.99, 744.00, 744.01, 744.02, 744.03, 744.04, 744.05, 744.06, 744.07, 744.08, 744.09, 744.10, 744.11, 744.12, 744.13, 744.14, 744.15, 744.16, 744.17, 744.18, 744.19, 744.20, 744.21, 744.22, 744.23, 744.24, 744.25, 744.26, 744.27, 744.28, 744.29, 744.30, 744.31, 744.32, 744.33, 744.34, 744.35, 744.36, 744.37, 744.38, 744.39, 744.40, 744.41, 744.42, 744.43, 744.44, 744.45, 744.46, 744.47, 744.48, 744.49, 744.50, 744.51, 744.52, 744.53, 744.54, 744.55, 744.56, 744.57, 744.58, 744.59, 744.60, 744.61, 744.62, 744.63, 744.64, 744.65, 744.66, 744.67, 744.68, 744.69, 744.70, 744.71, 744.72, 744.73, 744.74, 744.75, 744.76, 744.77, 744.78, 744.79, 744.80, 744.81, 744.82, 744.83, 744.84, 744.85, 744.86, 744.87, 744.88, 744.89, 744.90, 744.91, 744.92, 744.93, 744.94, 744.95, 744.96, 744.97, 744.98, 744.99, 745.00, 745.01, 745.02, 745.03, 745.04, 745.05, 745.06, 745.07, 745.08, 745.09, 745.10, 745.11, 745.12, 745.13, 745.14, 745.15, 745.16, 745.17, 745.18, 745.19, 745.20, 745.21, 745.22, 745.23, 745.24, 745.25, 745.26, 745.27, 745.28, 745.29, 745.30, 745.31, 745.32, 745.33, 745.34, 745.35, 745.36, 745.37, 745.38, 745.39, 745.40, 745.41, 745.42, 745.43, 745.44, 745.45, 745.46, 745.47, 745.48, 745.49, 745.50, 745.51, 745.52, 745.53, 745.54, 745.55, 745.56, 745.57, 745.58, 745.59, 745.60, 745.61, 745.62, 745.63, 745.64, 745.65, 745.66, 745.67, 745.68, 745.69, 745.70, 745.71, 745.72, 745.73, 745.74, 745.75, 745.76, 745.77, 745.78, 745.79, 745.80, 745.81, 745.82, 745.83, 745.84, 745.85, 745.86, 745.87, 745.88, 745.89, 745.90, 745.91, 745.92, 745.93, 745.94, 745.95, 745.96, 745.97, 745.98, 745.99, 746.00, 746.01, 746.02, 746.03, 746.04, 746.05, 746.06, 746.07, 746.08, 746.09, 746.10, 746.11, 746.12, 746.13, 746.14, 746.15, 746.16, 746.17, 746.18, 746.19, 746.20, 746.21, 746.22, 746.23, 746.24, 746.25, 746.26, 746.27, 746.28, 746.29, 746.30, 746.31, 746.32, 746.33, 746.34, 746.35, 746.36, 746.37, 746.38, 746.39, 746.40, 746.41, 746.42, 746.43, 746.44, 746.45, 746.46, 746.47, 746.48, 746.49, 746.50, 746.51, 746.52, 746.53, 746.54, 746.55, 746.56, 746.57, 746.58, 746.59, 746.60, 746.61, 746.62, 746.63, 746.64, 746.65, 746.66, 746.67, 746.68, 746.69, 746.70, 746.71, 746.72, 746.73, 746.74, 746.75, 746.76, 746.77, 746.78, 746.79, 746.80, 746.81, 746.82, 746.83, 746.84, 746.85, 746.86, 746.87, 746.88, 746.89, 746.90, 746.91, 746.92, 746.93, 746.94, 746.95, 746.96, 746.97, 746.98, 746.99, 747.00, 747.01, 747.02, 747.03, 747.04, 747.05, 747.06, 747.07, 747.08, 747.09, 747.10, 747.11, 747.12, 747.13, 747.14, 747.15, 747.16, 747.17, 747.18, 747.19, 747.20, 747.21, 747.22, 747.23, 747.24, 747.25, 747.26, 747.27, 747.28, 747.29, 747.30, 747.31, 747.32, 747.33, 747.34, 747.35, 747.36, 747.37, 747.38, 747.39, 747.40, 747.41, 747.42, 747.43, 747.44, 747.45, 747.46, 747.47, 747.48, 747.49, 747.50, 747.51, 747.52, 747.53, 747.54, 747.55, 747.56, 747.57, 747.58, 747.59, 747.60, 747.61, 747.62, 747.63, 747.64, 747.65, 747.66, 747.67, 747.68, 747.69, 747.70, 747.71, 747.72, 747.73, 747.74, 747.75, 747.76, 747.77, 747.78, 747.79, 747.80, 747.81, 747.82, 747.83, 747.84, 747.85, 747.86, 747.87, 747.88, 747.89, 747.90, 747.91, 747.92, 747.93, 747.94, 747.95, 747.96, 747.97, 747.98, 747.99, 748.00, 748.01, 748.02, 748.03, 748.04, 748.05, 748.06, 748.07, 748.08, 748.09, 748.10, 748.11, 748.12, 748.13, 748.14, 748.15, 748.16, 748.17, 748.18, 748.19, 748.20, 748.21, 748.22, 748.23, 748.24, 748.25, 748.26, 748.27, 748.28, 748.29, 748.30, 748.31, 748.32, 748.33, 748.34, 748.35, 748.36, 748.37, 748.38, 748.39, 748.40, 748.41, 748.42, 748.43, 748.44, 748.45, 748.46, 748.47, 748.48, 748.49, 748.50, 748.51, 748.52, 748.53, 748.54, 748.55, 748.56, 748.57, 748.58, 748.59, 748.60, 748.61, 748.62, 748.63, 748.64, 748.65, 748.66, 748.67, 748.68, 748.69, 748.70, 748.71, 748.72, 748.73, 748.74, 748.75, 748.76, 748.77, 748.78, 748.79, 748.80, 748.81, 748.82, 748.83, 748.84, 748.85, 748.86, 748.87, 748.88, 748.89, 748.90, 748.91, 748.92, 748.93, 748.94, 748.95, 748.96, 748.97, 748.98, 748.99, 749.00, 749.01, 749.02, 749.03, 749.04, 749.05, 749.06, 749.07, 749.08, 749.09, 749.10, 749.11, 749.12, 749.13, 749.14, 749.15, 749.16, 749.17, 749.18, 749.19, 749.20, 749.21, 749.22, 749.23, 749.24, 749.25, 749.26, 749.27, 749.28, 749.29, 749.30, 749.31, 749.32, 749.33, 749.34, 749.35, 749.36, 749.37, 749.38, 749.39, 749.40, 749.41, 749.42, 749.43, 749.44, 749.45, 749.46, 749.47, 749.48, 749.49, 749.50, 749.51, 749.52, 749.53, 749.54, 749.55, 749.56, 749.57, 749.58, 749.59, 749.60, 749.61, 749.62, 749.63, 749.64, 749.65, 749.66, 749.67, 749.68, 749.69, 749.70, 749.71, 749.72, 749.73, 749.74, 749.75, 749.76, 749.77, 749.78, 749.79, 749.80, 749.81, 749.82, 749.83, 749.84, 749.85, 749.86, 749.87, 749.88, 749.89, 749.90, 749.91, 749.92, 749.93, 749.94, 749.95, 749.96, 749.97, 749.98, 749.99, 750.00, 750.01, 750.02, 750.03, 750.04, 750.05, 750.06, 750.07, 750.08, 750.09, 750.10, 750.11, 750.12, 750.13, 750.14, 750.15, 750.16, 750.17, 750.18, 750.19, 750.20, 750.21, 750.22, 750.23, 750.24, 750.25, 750.26, 750.27, 750.28, 750.29, 750.30, 750.31, 750.32, 750.33, 750.34, 750.35, 750.36, 750.37, 750.38, 750.39, 750.40, 750.41, 750.42, 750.43, 750.44, 750.45, 750.46, 750.47, 750.48, 750.49, 750.50, 750.51, 750.52, 750.53, 750.54, 750.55, 750.56, 750.57, 750.58, 750.59, 750.60, 750.61, 750.62, 750.63, 750.64, 750.65, 750.66, 750.67, 750.68, 750.69, 750.70, 750.71, 750.72, 750.73, 750.74, 750.75, 750.76, 750.77, 750.78, 750.79, 750.80, 750.81, 750.82, 750.83, 750.84, 750.85, 750.86, 750.87, 750.88, 750.89, 750.90, 750.91, 750.92, 750.93, 750.94, 750.95, 750.96, 750.97, 750.98, 750.99, 751.00, 751.01, 751.02, 751.03, 751.04, 751.05, 751.06, 751.07, 751.08, 751.09, 751.10, 751.11, 751.12, 751.13, 751.14, 751.15, 751.16, 751.17, 751.18, 751.19, 751.20, 751.21, 751.22, 751.23, 751.24, 751.25, 751.26, 751.27, 751.28, 751.29, 751.30, 751.31, 751.32, 751.33, 751.34, 751.35, 751.36, 751.37, 751.38, 751.39, 751.40, 751.41, 751.42, 751.43, 751.44, 751.45, 751.46, 751.47, 751.48, 751.49, 751.50, 751.51, 751.52, 751.53, 751.54, 751.55, 751.56, 751.57, 751.58, 751.59, 751.60, 751.61, 751.62, 751.63, 751.64, 751.65, 751.66, 751.67, 751.68, 751.69, 751.70, 751.71, 751.72, 751.73, 751.74, 751.75, 751.76, 751.77, 751.78, 751.79, 751.80, 751.81, 751.82, 751.83, 751.84, 751.85, 751.86, 751.87, 751.88, 751.89, 751.90, 751.91, 751.92, 751.93, 751.94, 751.95, 751.96, 751.97, 751.98, 751.99, 752.00, 752.01, 752.02, 752.03, 752.04, 752.05, 752.06, 752.07, 752.08, 752.09, 752.10, 752.11, 752.12, 752.13, 752.14, 752.15, 752.16, 752.17, 752.18, 752.19, 752.20, 752.21, 752.22, 752.23, 752.24, 752.25, 752.26, 752.27, 752.28, 752.29, 752.30, 752.31, 752.32, 752.33, 752.34, 752.35, 752.36, 752.37, 752.38, 752.39, 752.40, 752.41, 752.42, 752.43, 752.44, 752.45, 752.46, 752.47, 752.48, 752.49, 752.50, 752.51, 752.52, 752.53, 752.54, 752.55, 752.56, 752.57, 752.58, 752.59, 752.60, 752.61, 752.62, 752.63, 752.64, 752.65, 752.66, 752.67, 752.68, 752.69, 752.70, 752.71, 752.72, 752.73, 752.74, 752.75, 752.76, 752.77, 752.78, 752.79, 752.80, 752.81, 752.82, 752.83, 752.84, 752.85, 752.86, 752.87, 752.88, 752.89, 752.90, 752.91, 752.92, 752.93, 752.94, 752.95, 752.96, 752.97, 752.98, 752.99, 753.00, 753.01, 753.02, 753.03, 753.04, 753.05, 753.06, 753.07, 753.08, 753.09, 753.10, 753.11, 753.12, 753.13, 753.14, 753.15, 753.16, 753.17, 753.18, 753.19, 753.20, 753.21, 753.22, 753.23, 753.24, 753.25, 753.26, 753.27, 753.28, 753.29, 753.30, 753.31, 753.32, 753.33, 753.34, 753.35, 753.36, 753.37, 753.38, 753.39, 753.40, 753.41, 753.42, 753.43, 753.44, 753.45, 753.46, 753.47, 753.48, 753.49, 753.50, 753.51, 753.52, 753.53, 753.54, 753.55, 753.56, 753.57, 753.58, 753.59, 753.60, 753.61, 753.62, 753.63, 753.64, 753.65, 753.66, 753.67, 753.68, 753.69, 753.70, 753.71, 753.72, 753.73, 753.74, 753.75, 753.76, 753.77, 753.78, 753.79, 753.80, 753.81, 753.82, 753.83, 753.84, 753.85, 753.86, 753.87, 753.88, 753.89, 753.90, 753.91, 753.92, 753.93, 753.94, 753.95, 753.96, 753.97, 753.98, 753.99, 754.00, 754.01, 754.02, 754.03, 754.04, 754.05, 754.06, 754.07, 754.08, 754.09, 754.10, 754.11, 754.12, 754.13, 754.14, 754.15, 754.16, 754.17, 754.18, 754.19, 754.20, 754.21, 754.22, 754.23, 754.24, 754.25, 754.26, 754.27, 754.28, 754.29, 754.30, 754.31, 754.32, 754.33, 754.34, 754.35, 754.36, 754.37, 754.38, 754.39, 754.40, 754.41, 754.42, 754.43, 754.44, 754.45, 754.46, 754.47, 754.48, 754.49, 754.50, 754.51, 754.52, 754.53, 754.54, 754.55, 754.56, 754.57, 754.58, 754.59, 754.60, 754.61, 754.62, 754.63, 754.64, 754.65, 754.66, 754.67, 754.68, 754.69, 754.70, 754.71, 754.72, 754.73, 754.74, 754.75, 754.76, 754.77, 754.78, 754.79, 754.80, 754.81, 754.82, 754.83, 754.84, 754.85, 754.86, 754.87, 754.88, 754.89, 754.90, 754.91, 754.92, 754.93, 754.94, 754.95, 754.96, 754.97, 754.98, 754.99, 755.00, 755.01, 755.02, 755.03, 755.04, 755.05, 755.06, 755.07, 755.08, 755.09, 755.10, 755.11, 755.12, 755.13, 755.14, 755.15, 755.16, 755.17, 755.18, 755.19, 755.20, 755.21, 755.22, 755.23, 755.24, 755.25, 755.26, 755.27, 755.28, 755.29, 755.30, 755.31, 755.32, 755.33, 755.34, 755.35, 755.36, 755.37, 755.38, 755.39, 755.40, 755.41, 755.42, 755.43, 755.44, 755.45, 755.46, 755.47, 755.48, 755.49, 755.50, 755.51, 755.52, 755.53, 755.54, 755.55, 755.56, 755.57, 755.58, 755.59, 755.60, 755.61, 755.62, 755.63, 755.64, 755.65, 755.66, 755.67, 755.68, 755.69, 755.70, 755.71, 755.72, 755.73, 755.74, 755.75, 755.76, 755.77, 755.78, 755.79, 755.80, 755.81, 755.82, 755.83, 755.84, 755.85, 755.86, 755.87, 755.88, 755.89, 755.90, 755.91, 755.92, 755.93, 755.94, 755.95, 755.96, 755.97, 755.98, 755.99, 756.00, 756.01, 756.02, 756.03, 756.04, 756.05, 756.06, 756.07, 756.08, 756.09, 756.10, 756.11, 756.12, 756.13, 756.14, 756.15, 756.16, 756.17, 756.18, 756.19, 756.20, 756.21, 756.22, 756.23, 756.24, 756.25, 756.26, 756.27, 756.28, 756.29, 756.30, 756.31, 756.32, 756.33, 756.34, 756.35, 756.36, 756.37, 756.38, 756.39, 756.40, 756.41, 756.42, 756.43, 756.44, 756.45, 756.46, 756.47, 756.48, 756.49, 756.50, 756.51, 756.52, 756.53, 756.54, 756.55, 756.56, 756.57, 756.58, 756.59, 756.60, 756.61, 756.62, 756.63, 756.64, 756.65, 756.66, 756.67, 756.68, 756.69, 756.70, 756.71, 756.72, 756.73, 756.74, 756.75, 756.76, 756.77, 756.78, 756.79, 756.80, 756.81, 756.82, 756.83, 756.84, 756.85, 756.86, 756.87, 756.88, 756.89, 756.90, 756.91, 756.92, 756.93, 756.94, 756.95, 756.96, 756.97, 756.98, 756.99, 757.00, 757.01, 757.02, 757.03, 757.04, 757.05, 757.06, 757.07, 757.08, 757.09, 757.10, 757.11, 757.12, 757.13, 757.14, 757.15, 757.16, 757.17, 757.18, 757.19, 757.20, 757.21, 757.22, 757.23, 757.24, 757.25, 757.26, 757.27, 757.28, 757.29, 757.30, 757.31, 757.32, 757.33, 757.34, 757.35, 757.36, 757.37, 757.38, 757.39, 757.40, 757.41, 757.42, 757.43, 757.44, 757.45, 757.46, 757.47, 757.48, 757.49, 757.50, 757.51, 757.52, 757.53, 757.54, 757.55, 757.56, 757.57, 757.58, 757.59, 757.60, 757.61, 757.62, 757.63, 757.64, 757.65, 757.66, 757.67, 757.68, 757.69, 757.70, 757.71, 757.72, 757.73, 757.74, 757.75, 757.76, 757.77, 757.78, 757.79, 757.80, 757.81, 757.82, 757.83, 757.84, 757.85, 757.86, 757.87, 757.88, 757.89, 757.90, 757.91, 757.92, 757.93, 757.94, 757.95, 757.96, 757.97, 757.98, 757.99, 758.00, 758.01, 758.02, 758.03, 758.04, 758.05, 758.06, 758.07, 758.08, 758.09, 758.10, 758.11, 758.12, 758.13, 758.14, 758.15, 758.16, 758.17, 758.18, 758.19, 758.20, 758.21, 758.22, 758.23, 758.24, 758.25, 758.26, 758.27, 758.28, 758.29, 758.30, 758.31, 758.32, 758.33, 758.34, 758.35, 758.36, 758.37, 758.38, 758.39, 758.40, 758.41, 758.42, 758.43, 758.44, 758.45, 758.46, 758.47, 758.48, 758.49, 758.50, 758.51, 758.52, 758.53, 758.54, 758.55, 758.56, 758.57, 758.58, 758.59, 758.60, 758.61, 758.62, 758.63, 758.64, 758.65, 758.66, 758.67, 758.68, 758.69, 758.70, 758.71, 758.72, 758.73, 758.74, 758.75, 758.76, 758.77, 758.78, 758.79, 758.80, 758.81, 758.82, 758.83, 758.84, 758.85, 758.86, 758.87, 758.88, 758.89, 758.90, 758.91, 758.92, 758.93, 758.94, 758.95, 758.96, 758.97, 758.98, 758.99, 759.00, 759.01, 759.02, 759.03, 759.04, 759.05, 759.06, 759.07, 759.08, 759.09, 759.10, 759.11, 759.12, 759.13, 759.14, 759.15, 759.16, 759.17, 759.18, 759.19, 759.20, 759.21, 759.22, 759.23, 759.24, 759.25, 759.26, 759.27, 759.28, 759.29, 759.30, 759.31, 759.32, 759.33, 759.34, 759.35, 759.36, 759.37, 759.38, 759.39, 759.40, 759.41, 759.42, 759.43, 759.44, 759.45, 759.46, 759.47, 759.48, 759.49, 759.50, 759.51, 759.52, 759.53, 759.54, 759.55, 759.56, 759.57, 759.58, 759.59, 759.60, 759.61, 759.62, 759.63, 759.64, 759.65, 759.66, 759.67, 759.68, 759.69, 759.70, 759.71, 759.72, 759.73, 759.74, 759.75, 759.76, 759.77, 759.78, 759.79, 759.80, 759.81, 759.82, 759.83, 759.84, 759.85, 759.86, 759.87, 759.88, 759.89, 759.9, 759.90, 759.91, 759.92, 759.93, 759.94, 759.95, 759.96, 759.97, 759.98, 759.99, 779.6"
"TOPFA","ICPC","D81, N85, W83"
"TOPFA","MTHICD9","69.51"
"TOPFA","RCD2","P...., Pz..."
"TOPFA","SNOMEDCT_US","107656002, 112635002, 1321008, 156075007, 157028001, 157033002, 157034008, 198690009, 205842001, 205999005, 21390004, 267295002, 268359006, 276654001, 276655000, 385297003, 386641000, 443341004, 57797005, 66091009"
"TOPFA","ICD9","740, 740.0, 740.1, 740.2, 741, 741.0, 741.9, 742, 742.0, 742.1, 742.2, 742.3, 742.4, 742.5, 742.8, 742.9, 743, 743.0, 743.1, 743.2, 743.3, 743.4, 743.5, 743.6, 743.8, 743.9, 744, 744.0, 744.1, 744.2, 744.3, 744.4, 744.5, 744.8, 744.9, 745, 745.0, 745.1, 745.2, 745.3, 745.4, 745.5, 745.6, 745.7, 745.8, 745.9, 746, 746.0, 746.1, 746.2, 746.3, 746.4, 746.5, 746.6, 746.7, 746.8, 746.9, 747, 747.0, 747.1, 747.2, 747.3, 747.4, 747.5, 747.6, 747.8, 747.9, 748, 748.0, 748.1, 748.2, 748.3, 748.4, 748.5, 748.6, 748.8, 748.9, 749, 749.0, 749.1, 749.2, 750, 750.0, 750.1, 750.2, 750.3, 750.4, 750.5, 750.6, 750.7, 750.8, 750.9, 751, 751.0, 751.1, 751.2, 751.3, 751.4, 751.5, 751.6, 751.7, 751.8, 751.9, 752, 752.0, 752.1, 752.2, 752.3, 752.4, 752.5, 752.6, 752.7, 752.8, 752.9, 753, 753.0, 753.1, 753.2, 753.3, 753.4, 753.5, 753.6, 753.7, 753.8, 753.9, 754, 754.0, 754.1, 754.2, 754.3, 754.4, 754.5, 754.6, 754.7, 754.8, 755, 755.0, 755.1, 755.2, 755.3, 755.4, 755.5, 755.6, 755.8, 755.9, 756, 756.0, 756.1, 756.2, 756.3, 756.4, 756.5, 756.6, 756.7, 756.8, 756.9, 757, 757.0, 757.1, 757.2, 757.3, 757.4, 757.5, 757.6, 757.8, 757.9, 758, 758.0, 758.1, 758.2, 758.3, 758.4, 758.5, 758.6, 758.7, 758.8, 758.9, 759, 759.0, 759.1, 759.2, 759.3, 759.4, 759.5, 759.6, 759.7, 759.8, 759.9"
